,S1,S3
beta_Mkt-RF,0.02262045607299,0.034804273018726364
beta_SMB,0.046063939159016874,0.0345319275456455
beta_HML,0.02564862550886961,0.02715026866841402
beta_Mom,0.13158888085997414,0.09202468738399229
t_Mkt-RF,2.5158470518716296,5.548197198374842
t_SMB,5.464853530235845,6.109468866740384
t_HML,3.1033297390601464,4.701361027525354
t_Mom,19.906275607157355,18.84762184877475
alpha_ann,0.017864445477965698,0.011741420080760356
alpha_t,1.8817692989476729,1.7276867232702706
r_squared,0.23994361210367654,0.2452307589363757
n_days,4113,4113
last_factor_date,2024-10-02,2024-10-02
