,S1,S5,LongOnly
beta_Mkt-RF,0.16113996046204704,0.0874969314480663,0.23488149810513534
beta_SMB,0.08739221820477988,0.042123325397028025,0.05577951877226011
beta_HML,-0.004699878284673634,-0.0026098757135008107,0.00894204528710863
beta_Mom,0.047051109220758204,0.03304116907832004,0.013770899968993616
t_Mkt-RF,9.271633943668812,9.301170000304097,11.345199894493371
t_SMB,4.416297806949778,4.093505156845728,2.337397028950455
t_HML,-0.1715017485444071,-0.16679048034156316,0.2543078845159193
t_Mom,3.8936364476115193,5.013402372103158,1.0210225460153184
alpha_ann,-0.0041154438919938615,-0.003200422459610371,-0.0004004235871823314
alpha_t,-0.15951403466717884,-0.2256166292227672,-0.014059617792791534
r_squared,0.4616988142557297,0.4641130805517777,0.5372770421653599
n_days,478,478,478
last_factor_date,2026-08-31,2026-08-31,2026-08-31
