Date,S1,S5,LongOnly
2008,0.012783231097788672,-0.010182375915730124,-0.07534304930204427
2009,-0.038632739999318044,-0.00441804978867244,0.07151441369928868
2010,0.031337559109661406,0.029273023880013183,0.09425929380145925
2011,0.01843121050202856,0.010630417441823692,0.03354977201093856
2012,0.02781259767069688,0.020081622766697782,0.03187238327116293
2013,0.08989921667336565,0.034414450978846434,-0.01529220546924226
2014,0.016512128297952344,0.012696912060948362,0.011788528912042295
2015,0.03982504445961976,0.025370556896562535,-0.04225225002362498
2016,-0.059269995012187104,-0.021121570636107867,0.0433024866951619
2017,0.06383280622805909,0.053467321005506774,0.09346111574034976
2018,-0.054972861793711414,-0.022902494781519955,-0.06280015480175594
2019,0.020801849218594404,0.018338063631322177,0.10638333712188985
2020,0.017682171187853646,0.010955589328902615,-0.004049500928283933
2021,0.009910963732917777,0.017302592566039943,0.02539328949604691
2022,0.06437212722042762,0.013095942547509898,-0.0889577704242569
2023,-0.014201268702823788,-0.007934796817852363,0.020503800093102376
2024,0.019931963332851632,0.013106297849078796,0.04959039290552436
