,S1,S3,LongOnly
start,2024-10-03,2024-10-03,2024-10-03
end,2026-10-02,2026-10-02,2026-10-02
ann_return,0.01101916595578789,0.007137411917794267,0.019357676903085208
ann_vol,0.04897461454959338,0.03667762164011436,0.057072252211489136
sharpe,0.2482302190381989,0.21222630028039968,0.3644371931987291
max_drawdown,-0.0467126446254682,-0.036392176531429454,-0.05556608326483137
turnover_per_yr,3.9032717038895512,2.6212829803669275,1.8726380782394805
worst_month,-0.03223162819853387,-0.025145987845090367,-0.025839417105569917
skew,-0.4097674475717012,-0.506177990277236,-0.1266994095227489
sharpe_incl_cash_carry,1.0617015290114562,1.0825102621030493,1.2218396128532967
