lookback,sizing,cost_bps,period,start,end,ann_return,ann_vol,sharpe,max_drawdown,turnover_per_yr,worst_month,skew,sharpe_incl_cash_carry,dsr_prob
63,S0,5.0,IS,2008-06-02,2024-10-02,0.012805448589861879,0.09554665636042203,0.18090346874186145,-0.18232604205205083,6.140288153491793,-0.07382207456488143,0.21944821444332183,0.1999674869025271,0.4188087900383492
63,S0,10.0,IS,2008-06-02,2024-10-02,0.009705175182765258,0.0955692234073629,0.14880339076979662,-0.19433066958613399,6.141349807161187,-0.07402874409665039,0.21944253934883615,0.1678697064750159,
63,S1,5.0,IS,2008-06-02,2024-10-02,0.017164700602957605,0.04779462946383914,0.3799907241278927,-0.09284299734628687,9.372534130350365,-0.03870521935079663,-0.020506597384531946,0.45666084048774624,0.7254231471598174
63,S1,10.0,IS,2008-06-02,2024-10-02,0.012412699928923132,0.04787750718169164,0.2816036842513742,-0.10913005181090629,9.375349270847806,-0.038794207504414646,-0.025631681736806442,0.3581832379174298,
63,S2,5.0,IS,2008-06-02,2024-10-02,0.017537016739473943,0.04820406600741436,0.38476249569608467,-0.09450940673716512,9.455481229945551,-0.03870521935079618,-0.004326643292316103,0.4609626655717156,0.7318435297075496
63,S2,10.0,IS,2008-06-02,2024-10-02,0.012741998393532183,0.04828696689132946,0.2863578506055522,-0.11049861883210499,9.458281547330147,-0.038794207504414535,-0.009453270983641493,0.3624679075381442,
63,S3,5.0,IS,2008-06-02,2024-10-02,0.010940790329688976,0.03240509621460051,0.352003310121859,-0.06832492922605182,6.139282427819008,-0.026033118703303382,-0.26525994842035316,0.4389491639615252,0.6860705273963902
63,S3,10.0,IS,2008-06-02,2024-10-02,0.007843539775710617,0.03243900150353954,0.25707513879052357,-0.0708442222097716,6.140128551968932,-0.026167121942126115,-0.26702890760128617,0.343975637323767,
63,S4,5.0,IS,2008-06-02,2024-10-02,0.020283367882366177,0.054802810368102216,0.3938323828922371,-0.11229097805390986,12.125792411649307,-0.04812493240536608,-0.19407221716227668,0.4748747132060354,0.7432686433010868
63,S4,10.0,IS,2008-06-02,2024-10-02,0.014121026290849326,0.05489520753547899,0.28289686632800937,-0.1328326430191239,12.130450966085245,-0.04963613918051768,-0.19742476353216845,0.36386823423162323,
63,S5,5.0,IS,2008-06-02,2024-10-02,0.009682919027155013,0.02657472399088289,0.37590994304514086,-0.055868554980887386,4.983805895833535,-0.02335796982381022,-0.4216904455377008,0.40569251602006395,0.7189630773547373
63,S5,10.0,IS,2008-06-02,2024-10-02,0.007170819746549206,0.026598283793859492,0.28194083985830576,-0.059287681386575364,4.984364652980347,-0.023471451476295813,-0.423291279845475,0.31175268998931627,
126,S0,5.0,IS,2008-06-02,2024-10-02,0.02506375421579099,0.09632803622148063,0.3051643333149567,-0.19317807910812357,4.300009680650995,-0.0734497386639037,-0.04144718693601149,0.33112865724242774,0.6167351784928332
126,S0,10.0,IS,2008-06-02,2024-10-02,0.022868053124247556,0.09633741068097566,0.28288395442868197,-0.19446323435159107,4.300554084723635,-0.07366246932285758,-0.04131414686028764,0.30885259091708317,
126,S1,5.0,IS,2008-06-02,2024-10-02,0.02322150750084795,0.04650511554332579,0.5169063022184511,-0.10654409352834204,6.81438730915152,-0.03407426012264547,-0.34489902904438957,0.6142838470415749,0.8739721749467344
126,S1,10.0,IS,2008-06-02,2024-10-02,0.019745473581709083,0.04653923808670962,0.4434359599358314,-0.11121256493007448,6.81565992740835,-0.034124339393842185,-0.3442876151946938,0.5407813888747416,
126,S2,5.0,IS,2008-06-02,2024-10-02,0.023342998499586542,0.04691768545367298,0.5153032339270435,-0.10669709512224901,6.891085527287616,-0.03410881371685637,-0.35618916574388654,0.6118103833108242,0.8725933884344956
126,S2,10.0,IS,2008-06-02,2024-10-02,0.019827799139945146,0.046951988272689704,0.4416690292586828,-0.11136346753027226,6.892318945923639,-0.03416031522063445,-0.3554563461507913,0.5381438946868495,
126,S3,5.0,IS,2008-06-02,2024-10-02,0.016021460710899937,0.03045237950328067,0.5371920963141789,-0.07694003691334661,4.330602705796646,-0.02385229971685121,-0.4539857677612767,0.6478170707518919,0.8895734668913537
126,S3,10.0,IS,2008-06-02,2024-10-02,0.013825982735623077,0.03047109614691154,0.46588512514160213,-0.07975472143253914,4.331070956508763,-0.023945694693247144,-0.4564535716252426,0.5764745756100159,
126,S4,5.0,IS,2008-06-02,2024-10-02,0.02688637755427159,0.052239506982669985,0.53403792040123,-0.10208110005309923,9.536637679662487,-0.03545762244301398,-0.38492719426869776,0.6351527228457002,0.8874540945581935
126,S4,10.0,IS,2008-06-02,2024-10-02,0.022006198852115633,0.05228737918165347,0.4424820578719455,-0.11033189445502234,9.539452337733328,-0.03552757804390794,-0.38764700748891906,0.5435699081108141,
126,S5,5.0,IS,2008-06-02,2024-10-02,0.013796091673914601,0.025377872553946836,0.5526180139577217,-0.06583052349939378,3.529582533392473,-0.018032779882541816,-0.5263837648544024,0.5864935933983498,0.9004307283952323
126,S5,10.0,IS,2008-06-02,2024-10-02,0.012010067179980766,0.025393975289613707,0.4828436110525003,-0.0683716435684929,3.5298706197122582,-0.018115561486387377,-0.5291306878740418,0.5167343793110747,
252,S0,5.0,IS,2008-06-02,2024-10-02,0.0014230929449421392,0.09196248713419072,0.06147415759765543,-0.280494023412314,3.190160207359487,-0.08080836021691251,-0.17018315472747042,0.07738545145597986,0.24606734632845556
252,S0,10.0,IS,2008-06-02,2024-10-02,-0.0001718975441591386,0.09197390735766726,0.04414738742416348,-0.28167290213302243,3.190570250537898,-0.08088566696207444,-0.17087165277165384,0.06006136210337159,
252,S1,5.0,IS,2008-06-02,2024-10-02,0.015522610536238934,0.04404835110354431,0.37173801674633533,-0.11767875756397872,5.088248328597214,-0.03365232498591908,-0.4221528727342885,0.45056897284039493,0.7133385902874363
252,S1,10.0,IS,2008-06-02,2024-10-02,0.012944478702429763,0.04407657459642381,0.31385392617764046,-0.12204006338801354,5.089108639830618,-0.03369192365793383,-0.421939244756532,0.39268299297855147,
252,S2,5.0,IS,2008-06-02,2024-10-02,0.01568679823870478,0.04428411548168418,0.37364499546832286,-0.1176368513718915,5.158705877984838,-0.03368650680971785,-0.41943350946194435,0.4520429558337573,0.7159426524538185
252,S2,10.0,IS,2008-06-02,2024-10-02,0.013073007537724557,0.044312589040281083,0.31528117297713093,-0.1220192665469052,5.15955292007648,-0.03372733629448754,-0.4190648052887477,0.39367641515663954,
252,S3,5.0,IS,2008-06-02,2024-10-02,0.011641380747365204,0.030845978656771758,0.39066442649274796,-0.07073406590660514,3.224732489274232,-0.026962900571568804,-0.6720315593746825,0.49395905642310955,0.7379426222572287
252,S3,10.0,IS,2008-06-02,2024-10-02,0.01001419822592986,0.030850512816130552,0.3384302699606009,-0.0745654675804942,3.224890791193296,-0.026998789250222477,-0.6710075301502171,0.441751181383555,
252,S4,5.0,IS,2008-06-02,2024-10-02,0.017300939947363814,0.049549178388628164,0.3709827628536147,-0.12336912653294052,7.822398550283535,-0.035037042497352844,-0.4375149028485818,0.457812876172265,0.7122725706166566
252,S4,10.0,IS,2008-06-02,2024-10-02,0.013331176269981926,0.04959715978213708,0.2918347689479971,-0.1295798131892707,7.8246203121773865,-0.03546232285265283,-0.43942165698617336,0.3786649902160066,
252,S5,5.0,IS,2008-06-02,2024-10-02,0.011585959911940558,0.026671205521111536,0.4452555511192851,-0.07008895790231984,2.658129694191197,-0.021054026510205603,-0.7647895680243388,0.466885050686147,0.8032581739796925
252,S5,10.0,IS,2008-06-02,2024-10-02,0.01024440935002513,0.0266728013260873,0.3954749104126921,-0.07335906790693825,2.658232647523019,-0.02108699855416274,-0.7639975128292744,0.41713086325276616,
