lookback,sizing,cost_bps,period,start,end,ann_return,ann_vol,sharpe,max_drawdown,turnover_per_yr,worst_month,skew,dsr_prob
63,S0,5.0,IS,2008-06-02,2024-10-02,0.014652061502494096,0.09554932566703254,0.1999674869025271,-0.18210110442381522,6.140288153491793,-0.07382745591175088,0.21335935591950062,0.37635964412826567
63,S0,5.0,OOS,2024-10-03,2026-10-02,0.03538587146291472,0.06409730444457792,0.5746282246221889,-0.06379884520607049,6.524876009962752,-0.03550022531192687,-1.0106183124350947,
63,S0,10.0,IS,2008-06-02,2024-10-02,0.011546722701690104,0.0955718156378032,0.1678697064750159,-0.19410897685699824,6.141349807161187,-0.07403412542103593,0.21335224836783487,
63,S0,10.0,OOS,2024-10-03,2026-10-02,0.03201679597878071,0.06412671791876973,0.5235622927785445,-0.06571155122041739,6.526300219777388,-0.035897274382058475,-1.0036916033882006,
63,S1,5.0,IS,2008-06-02,2024-10-02,0.020901895330946774,0.04780258015952766,0.45666084048774624,-0.09179995585076983,9.372534130350365,-0.03966138696018995,-0.027737483146427228,0.7646609359508674
63,S1,5.0,OOS,2024-10-03,2026-10-02,0.023523617039380662,0.04121231290562726,0.584789480410624,-0.04300620004010569,9.449064122583339,-0.021309935718300754,-0.534765077967797,
63,S1,10.0,IS,2008-06-02,2024-10-02,0.01613377462910548,0.047885507557548807,0.3581832379174298,-0.10774257748205596,9.375349270847806,-0.03975037418189409,-0.03285544363475015,
63,S1,10.0,OOS,2024-10-03,2026-10-02,0.018701426959666367,0.041247319904928775,0.4698264014408521,-0.04570611464420282,9.451035057902448,-0.021312045111565148,-0.5220666751078197,
63,S2,5.0,IS,2008-06-02,2024-10-02,0.021284275853096446,0.048211416709788305,0.4609626655717156,-0.093624034213871,9.455481229945551,-0.03966138696018939,-0.01161775046096484,0.7700125808422297
63,S2,5.0,OOS,2024-10-03,2026-10-02,0.024072275124527476,0.04129675038999807,0.5966561957638802,-0.04301851711072846,9.471302235215328,-0.021586210386214555,-0.5354088102298094,
63,S2,10.0,IS,2008-06-02,2024-10-02,0.01647294795882792,0.0482943720806093,0.3624679075381442,-0.10915038913878194,9.458281547330147,-0.03975037418189398,-0.01673565705162432,
63,S2,10.0,OOS,2024-10-03,2026-10-02,0.019236283839581203,0.04133315108725745,0.481636643902126,-0.04572729447300239,9.473230986206925,-0.02158837140238168,-0.5228818527225637,
63,S3,5.0,IS,2008-06-02,2024-10-02,0.013796394161574854,0.03241336973420554,0.4389491639615252,-0.06082398122948851,6.139282427819008,-0.026896486455710633,-0.2695458158590496,0.7414101340083035
63,S3,5.0,OOS,2024-10-03,2026-10-02,0.020171250585721,0.028402883820985103,0.7173241086662988,-0.02249708479091239,5.750241298052863,-0.018226289772809934,-0.5156999777671784,
63,S3,10.0,IS,2008-06-02,2024-10-02,0.010691112931255686,0.03244722885624054,0.343975637323767,-0.06986693413304945,6.140128551968932,-0.027030488929059238,-0.271319835831508,
63,S3,10.0,OOS,2024-10-03,2026-10-02,0.017246739711382686,0.028421469552833225,0.6158578836851568,-0.0241698694133754,5.750835544333935,-0.018228237110834655,-0.5051445144074763,
63,S4,5.0,IS,2008-06-02,2024-10-02,0.02482970365273407,0.054814944490896404,0.4748747132060354,-0.1107736456489844,12.125792411649307,-0.048075524629968114,-0.2003348998103289,0.786038142202274
63,S4,5.0,OOS,2024-10-03,2026-10-02,0.02081931146332283,0.048914949149676194,0.44570784208138836,-0.044003134304073654,12.592500235480337,-0.024314703350613698,-0.6094370320274735,
63,S4,10.0,IS,2008-06-02,2024-10-02,0.018642248941642015,0.05490718569564339,0.36386823423162323,-0.13134961289239588,12.130450966085245,-0.04958673328857133,-0.20367297072750792,
63,S4,10.0,OOS,2024-10-03,2026-10-02,0.014408939177498636,0.04897059836677134,0.31661094562035713,-0.04763756628612348,12.596111783706895,-0.025117706066934198,-0.596751234383371,
126,S0,5.0,IS,2008-06-02,2024-10-02,0.027631312457854884,0.09633182649233137,0.33112865724242774,-0.19330574605263595,4.300009680650995,-0.07345512221184736,-0.047973848460999606,0.5850557865086526
126,S0,5.0,OOS,2024-10-03,2026-10-02,0.03753787577662604,0.065460367137369,0.5957441391603427,-0.06653101701893693,3.86808862379271,-0.022456790717101383,-1.0842855187499787,
126,S0,10.0,IS,2008-06-02,2024-10-02,0.025430704651628444,0.09634111959155596,0.30885259091708317,-0.19459067919598627,4.300554084723635,-0.0736678528510234,-0.04784039218841757,
126,S0,10.0,OOS,2024-10-03,2026-10-02,0.035532445356919684,0.06551389612072589,0.5657748914846684,-0.06791007858110332,3.8688120379403856,-0.02272513233125184,-1.080487905641289,
126,S1,5.0,IS,2008-06-02,2024-10-02,0.027871279661616954,0.04651541638721647,0.6142838470415749,-0.09267259705343456,6.81438730915152,-0.03629285897696555,-0.35145063049163927,0.9112510544465059
126,S1,5.0,OOS,2024-10-03,2026-10-02,0.02685174682821989,0.04109105116621486,0.665396247504737,-0.03979980001217798,4.8558466153763655,-0.02650659677305167,-0.2745756906531358,
126,S1,10.0,IS,2008-06-02,2024-10-02,0.024380638638934693,0.04654959717468476,0.5407813888747416,-0.0959382910096922,6.81565992740835,-0.03634293548517409,-0.3508260149554669,
126,S1,10.0,OOS,2024-10-03,2026-10-02,0.024364793730076828,0.041138224451429395,0.6057304146216732,-0.040042176078359915,4.8563959398887295,-0.026749006009813225,-0.2737083728255758,
126,S2,5.0,IS,2008-06-02,2024-10-02,0.02799236074242195,0.04692755811589452,0.6118103833108242,-0.09296206837393983,6.891085527287616,-0.03632733636541685,-0.36285248813306176,0.9096026294953312
126,S2,5.0,OOS,2024-10-03,2026-10-02,0.02673394350438607,0.04114525754661592,0.6617849896002032,-0.03983033794323909,4.87093497401742,-0.02653754734099134,-0.2731078919613158,
126,S2,10.0,IS,2008-06-02,2024-10-02,0.02446238159930969,0.046961929243719204,0.5381438946868495,-0.09622462291611844,6.892318945923639,-0.03637883500863026,-0.36210639498938496,
126,S2,10.0,OOS,2024-10-03,2026-10-02,0.024239544181524186,0.04119265239593346,0.6020156134882566,-0.04007344150912118,4.871467145791244,-0.026780684116012865,-0.27224377684624834,
126,S3,5.0,IS,2008-06-02,2024-10-02,0.019452797859752735,0.03045720203286403,0.6478170707518919,-0.06354575632162174,4.330602705796646,-0.02518972976458811,-0.4588425598070821,0.9304391602274819
126,S3,5.0,OOS,2024-10-03,2026-10-02,0.02360552528186699,0.0306141279610089,0.7774268957555789,-0.031731418158026936,3.3928398685486116,-0.020517373147252327,-0.5067261462923354,
126,S3,10.0,IS,2008-06-02,2024-10-02,0.017250543558932296,0.03047583555700966,0.5764745756100159,-0.06532177970132647,4.331070956508763,-0.02528312290594703,-0.4612617019240362,
126,S3,10.0,OOS,2024-10-03,2026-10-02,0.02187491281883691,0.030629271847248493,0.7218071166891682,-0.0318582803988231,3.393077640223932,-0.020644249117967695,-0.5033230341889056,
126,S4,5.0,IS,2008-06-02,2024-10-02,0.03233313644248259,0.052254171044168324,0.6351527228457002,-0.09249843380129585,9.536637679662487,-0.0376730884116514,-0.3911037623773483,0.9237396748014455
126,S4,5.0,OOS,2024-10-03,2026-10-02,0.029686853156164705,0.049441373755128186,0.6164323213449072,-0.05504328186685592,7.98099638668102,-0.03701124229455299,-0.45647691485511843,
126,S4,10.0,IS,2008-06-02,2024-10-02,0.02742925131764551,0.052301906865773726,0.5435699081108141,-0.10048135532674829,9.539452337733328,-0.03774303995346617,-0.3937662106781656,
126,S4,10.0,OOS,2024-10-03,2026-10-02,0.025586655924480617,0.04956426565384962,0.5345179789478537,-0.055642416993917254,7.982475157448879,-0.03761042238361045,-0.45526644894167784,
252,S0,5.0,IS,2008-06-02,2024-10-02,0.0028892588327258384,0.09197401807827701,0.07738545145597986,-0.28073089485976455,3.190160207359487,-0.08087699818575755,-0.174680674277043,0.20911271825781708
252,S0,5.0,OOS,2024-10-03,2026-10-02,0.09401364394541467,0.07602960165952381,1.220073663308317,-0.04993772687827891,2.4784515062327266,-0.02763058526742279,-0.9612223748860882,
252,S0,10.0,IS,2008-06-02,2024-10-02,0.001292172394641966,0.09198539679174793,0.06006136210337159,-0.28190940349515237,3.190570250537898,-0.08095430467744635,-0.17536877724675975,
252,S0,10.0,OOS,2024-10-03,2026-10-02,0.09267048037974956,0.07604721775766228,1.203648487179671,-0.05010077506519861,2.478600190782691,-0.02768919899538047,-0.9586280733087905,
252,S1,5.0,IS,2008-06-02,2024-10-02,0.01906430022112149,0.044071348631661754,0.45056897284039493,-0.1202050413376825,5.088248328597214,-0.035438638233231456,-0.428639881368254,0.7558506343215473
252,S1,5.0,OOS,2024-10-03,2026-10-02,0.05211958557178131,0.04898755183046102,1.0617015290114562,-0.04302920305065605,3.9032717038895512,-0.028118941791672403,-0.3963970687676534,
252,S1,10.0,IS,2008-06-02,2024-10-02,0.01647798827037139,0.044099438076884385,0.39268299297855147,-0.124553768720148,5.089108639830618,-0.03547823515644988,-0.42840220732063394,
252,S1,10.0,OOS,2024-10-03,2026-10-02,0.05008163303349944,0.04901892164264489,1.0214919740413302,-0.04316586607775996,3.9035045064521645,-0.028255625747855895,-0.39247693282104784,
252,S2,5.0,IS,2008-06-02,2024-10-02,0.019228165979087386,0.04430634163390514,0.4520429558337573,-0.1200600422417818,5.158705877984838,-0.035472759070447335,-0.4260034711205036,0.757706678313093
252,S2,5.0,OOS,2024-10-03,2026-10-02,0.05269228113879465,0.049071575738749866,1.0710591310528081,-0.04305967806914157,3.930073428828773,-0.0281498801912351,-0.39628939269968333,
252,S2,10.0,IS,2008-06-02,2024-10-02,0.016606079097475135,0.044334684671641734,0.39367641515663954,-0.12443027681007557,5.15955292007648,-0.03551358674039229,-0.4256101019062102,
252,S2,10.0,OOS,2024-10-03,2026-10-02,0.050639158327548284,0.04910408601330688,1.0306169677683596,-0.043197072165442996,3.930305723537702,-0.028287295232788945,-0.39235067084545644,
252,S3,5.0,IS,2008-06-02,2024-10-02,0.014877253157186354,0.03086211125677382,0.49395905642310955,-0.06845414959593987,3.224732489274232,-0.028583515092669876,-0.6761305477653541,0.8059593877511586
252,S3,5.0,OOS,2024-10-03,2026-10-02,0.03979054797638959,0.03666815957827248,1.0825102621030493,-0.03300884668791193,2.6212829803669275,-0.02138162931675669,-0.48557034782425795,
252,S3,10.0,IS,2008-06-02,2024-10-02,0.013245303111927731,0.030866582889622473,0.441751181383555,-0.07065569178327324,3.224890791193296,-0.028619402567569452,-0.6750957863047004,
252,S3,10.0,OOS,2024-10-03,2026-10-02,0.038434394025260055,0.03668228724731542,1.0465233386433628,-0.0330889629379596,2.6213536289111334,-0.021461754353316098,-0.4821412655583272,
252,S4,5.0,IS,2008-06-02,2024-10-02,0.021699203670955347,0.04957883688437055,0.457812876172265,-0.12465099291908044,7.822398550283535,-0.03682083194101993,-0.44269486227138627,0.7648095315459444
252,S4,5.0,OOS,2024-10-03,2026-10-02,0.05399328399731029,0.056628756350949785,0.9569971572751237,-0.05829601630247472,7.017955884584896,-0.0386401120786064,-0.5421201398980744,
252,S4,10.0,IS,2008-06-02,2024-10-02,0.01771405054545072,0.049626371920730716,0.3786649902160066,-0.1308525458433928,7.8246203121773865,-0.036880313839073975,-0.4445603869620792,
252,S4,10.0,OOS,2024-10-03,2026-10-02,0.050319467935507234,0.05671728749448358,0.8940160551582075,-0.058791544777232585,7.018993879371165,-0.03913566811707325,-0.5363860075930342,
